applicant_id,title,amount,currency
1,交通費（新幹線）,25000,JPY
1,タクシー代,3500,JPY
2,書籍購入,4800,JPY
2,,1000,JPY
3,出張宿泊費,15000,JPY
1,接待費（食事）,8500,JPY
3,消耗品,-500,JPY
2,研修参加費,50000,JPY
1,通信費,abc,JPY
3,交際費,12000,JPY